[
  {
    "PatientID": "PT1001",
    "Age": 66,
    "Sex": "Other",
    "Clinical_Description": "66-yr Other. Presents with headache, seizures, focal weakness. Imaging: diffuse infiltration with lymphadenopathy.",
    "Date_of_Diagnosis": "2024-11-29",
    "Tumor_Type": "Breast cancer",
    "ICD10_Code": "C50",
    "WBC_10^9_per_L": 8.2,
    "Hemoglobin_g_per_dL": 15.2,
    "Platelets_10^9_per_L": 231,
    "CRP_mg_per_L": 0.3,
    "ESR_mm_per_hr": 25,
    "Creatinine_mg_per_dL": 1.25,
    "ALT_U_per_L": 55.2,
    "AST_U_per_L": 21.5,
    "Imaging_Findings": "Diffuse infiltration with lymphadenopathy",
    "Treatment": "Radiation therapy",
    "Outcome": "Recovered"
  },
  {
    "PatientID": "PT1002",
    "Age": 52,
    "Sex": "Male",
    "Clinical_Description": "52-yr Male. Presents with fever, fatigue, recurrent infections. Imaging: multiple metastatic nodules on ct chest.",
    "Date_of_Diagnosis": "2021-11-27",
    "Tumor_Type": "Pancreatic cancer",
    "ICD10_Code": "C25",
    "WBC_10^9_per_L": 5.1,
    "Hemoglobin_g_per_dL": 10.9,
    "Platelets_10^9_per_L": 205,
    "CRP_mg_per_L": 4.7,
    "ESR_mm_per_hr": 21,
    "Creatinine_mg_per_dL": 1.11,
    "ALT_U_per_L": 20.9,
    "AST_U_per_L": 10,
    "Imaging_Findings": "Multiple metastatic nodules on CT chest",
    "Treatment": "Immunotherapy",
    "Outcome": "Recovered"
  },
  {
    "PatientID": "PT1003",
    "Age": 60,
    "Sex": "Male",
    "Clinical_Description": "60-yr Male. Presents with fever, fatigue, recurrent infections. Imaging: no focal lesion; nonspecific changes.",
    "Date_of_Diagnosis": "2023-08-18",
    "Tumor_Type": "Lung cancer",
    "ICD10_Code": "C34",
    "WBC_10^9_per_L": 3.8,
    "Hemoglobin_g_per_dL": 13.7,
    "Platelets_10^9_per_L": 157,
    "CRP_mg_per_L": 0.3,
    "ESR_mm_per_hr": 30,
    "Creatinine_mg_per_dL": 1.18,
    "ALT_U_per_L": 53.9,
    "AST_U_per_L": 37.2,
    "Imaging_Findings": "No focal lesion; nonspecific changes",
    "Treatment": "Surgery",
    "Outcome": "Stable (on treatment)"
  },
  {
    "PatientID": "PT1004",
    "Age": 51,
    "Sex": "Other",
    "Clinical_Description": "51-yr Other. Presents with fever, fatigue, recurrent infections. Imaging: hypermetabolic lesion on pet-ct.",
    "Date_of_Diagnosis": "2021-03-22",
    "Tumor_Type": "Pancreatic cancer",
    "ICD10_Code": "C25",
    "WBC_10^9_per_L": 5.9,
    "Hemoglobin_g_per_dL": 14,
    "Platelets_10^9_per_L": 152,
    "CRP_mg_per_L": 1.9,
    "ESR_mm_per_hr": 52,
    "Creatinine_mg_per_dL": 1.3,
    "ALT_U_per_L": 39.4,
    "AST_U_per_L": 47.9,
    "Imaging_Findings": "Hypermetabolic lesion on PET-CT",
    "Treatment": "Radiation therapy",
    "Outcome": "Stable (on treatment)"
  },
  {
    "PatientID": "PT1005",
    "Age": 58,
    "Sex": "Female",
    "Clinical_Description": "58-yr Female. Presents with weight loss, fatigue, loss of appetite. Imaging: mass lesion in organ with irregular margins.",
    "Date_of_Diagnosis": "2022-03-09",
    "Tumor_Type": "Kidney cancer",
    "ICD10_Code": "C64",
    "WBC_10^9_per_L": 4.7,
    "Hemoglobin_g_per_dL": 10.4,
    "Platelets_10^9_per_L": 213,
    "CRP_mg_per_L": 1.6,
    "ESR_mm_per_hr": 37,
    "Creatinine_mg_per_dL": 0.99,
    "ALT_U_per_L": 37.7,
    "AST_U_per_L": 42.5,
    "Imaging_Findings": "Mass lesion in organ with irregular margins",
    "Treatment": "Immunotherapy",
    "Outcome": "Stable (on treatment)"
  },
  {
    "PatientID": "PT1006",
    "Age": 72,
    "Sex": "Male",
    "Clinical_Description": "72-yr Male. Presents with abdominal pain, jaundice, weight loss. Imaging: multiple metastatic nodules on ct chest.",
    "Date_of_Diagnosis": "2022-08-23",
    "Tumor_Type": "Lung cancer",
    "ICD10_Code": "C34",
    "WBC_10^9_per_L": 5.4,
    "Hemoglobin_g_per_dL": 14,
    "Platelets_10^9_per_L": 328,
    "CRP_mg_per_L": 2,
    "ESR_mm_per_hr": 27,
    "Creatinine_mg_per_dL": 1.29,
    "ALT_U_per_L": 58.6,
    "AST_U_per_L": 15.8,
    "Imaging_Findings": "Multiple metastatic nodules on CT chest",
    "Treatment": "Surgery + Chemotherapy",
    "Outcome": "Stable (on treatment)"
  },
  {
    "PatientID": "PT1007",
    "Age": 58,
    "Sex": "Female",
    "Clinical_Description": "58-yr Female. Presents with back pain, bone pain, night sweats. Imaging: large heterogenous mass with necrosis.",
    "Date_of_Diagnosis": "2025-04-16",
    "Tumor_Type": "Bladder cancer",
    "ICD10_Code": "C67",
    "WBC_10^9_per_L": 10,
    "Hemoglobin_g_per_dL": 10.5,
    "Platelets_10^9_per_L": 278,
    "CRP_mg_per_L": 7.4,
    "ESR_mm_per_hr": 41,
    "Creatinine_mg_per_dL": 1.67,
    "ALT_U_per_L": 16.6,
    "AST_U_per_L": 24.8,
    "Imaging_Findings": "Large heterogenous mass with necrosis",
    "Treatment": "Surgery",
    "Outcome": "Progressive disease"
  },
  {
    "PatientID": "PT1008",
    "Age": 59,
    "Sex": "Other",
    "Clinical_Description": "59-yr Other. Presents with hematuria, flank pain, palpable mass. Imaging: multiple metastatic nodules on ct chest.",
    "Date_of_Diagnosis": "2025-06-11",
    "Tumor_Type": "Breast cancer",
    "ICD10_Code": "C50",
    "WBC_10^9_per_L": 7.2,
    "Hemoglobin_g_per_dL": 12.7,
    "Platelets_10^9_per_L": 90,
    "CRP_mg_per_L": 11.9,
    "ESR_mm_per_hr": 21,
    "Creatinine_mg_per_dL": 0.94,
    "ALT_U_per_L": 19.2,
    "AST_U_per_L": 45.4,
    "Imaging_Findings": "Multiple metastatic nodules on CT chest",
    "Treatment": "Chemoradiation",
    "Outcome": "Progressive disease"
  },
  {
    "PatientID": "PT1009",
    "Age": 48,
    "Sex": "Other",
    "Clinical_Description": "48-yr Other. Presents with abdominal pain, jaundice, weight loss. Imaging: no focal lesion; nonspecific changes.",
    "Date_of_Diagnosis": "2025-04-12",
    "Tumor_Type": "Bladder cancer",
    "ICD10_Code": "C67",
    "WBC_10^9_per_L": 7.9,
    "Hemoglobin_g_per_dL": 13.1,
    "Platelets_10^9_per_L": 207,
    "CRP_mg_per_L": 11.2,
    "ESR_mm_per_hr": 29,
    "Creatinine_mg_per_dL": 1.31,
    "ALT_U_per_L": 38.5,
    "AST_U_per_L": 26.4,
    "Imaging_Findings": "No focal lesion; nonspecific changes",
    "Treatment": "Radiation therapy",
    "Outcome": "Progressive disease"
  },
  {
    "PatientID": "PT1010",
    "Age": 69,
    "Sex": "Male",
    "Clinical_Description": "69-yr Male. Presents with headache, seizures, focal weakness. Imaging: multiple metastatic nodules on ct chest.",
    "Date_of_Diagnosis": "2024-02-21",
    "Tumor_Type": "Pancreatic cancer",
    "ICD10_Code": "C25",
    "WBC_10^9_per_L": 4.5,
    "Hemoglobin_g_per_dL": 13.9,
    "Platelets_10^9_per_L": 270,
    "CRP_mg_per_L": 0.1,
    "ESR_mm_per_hr": 2,
    "Creatinine_mg_per_dL": 1.38,
    "ALT_U_per_L": 27.1,
    "AST_U_per_L": 26.8,
    "Imaging_Findings": "Multiple metastatic nodules on CT chest",
    "Treatment": "Radiation therapy",
    "Outcome": "Progressive disease"
  },
  {
    "PatientID": "PT1011",
    "Age": 57,
    "Sex": "Female",
    "Clinical_Description": "57-yr Female. Presents with abdominal pain, jaundice, weight loss. Imaging: mass lesion in organ with irregular margins.",
    "Date_of_Diagnosis": "2025-08-23",
    "Tumor_Type": "Lung cancer",
    "ICD10_Code": "C34",
    "WBC_10^9_per_L": 11.1,
    "Hemoglobin_g_per_dL": 11.8,
    "Platelets_10^9_per_L": 270,
    "CRP_mg_per_L": 16.4,
    "ESR_mm_per_hr": 25,
    "Creatinine_mg_per_dL": 1.15,
    "ALT_U_per_L": 10,
    "AST_U_per_L": 12.7,
    "Imaging_Findings": "Mass lesion in organ with irregular margins",
    "Treatment": "Targeted therapy",
    "Outcome": "Stable (on treatment)"
  },
  {
    "PatientID": "PT1012",
    "Age": 46,
    "Sex": "Other",
    "Clinical_Description": "46-yr Other. Presents with persistent cough, hemoptysis, dyspnea. Imaging: no focal lesion; nonspecific changes.",
    "Date_of_Diagnosis": "2022-01-09",
    "Tumor_Type": "Lung cancer",
    "ICD10_Code": "C34",
    "WBC_10^9_per_L": 11.3,
    "Hemoglobin_g_per_dL": 12.2,
    "Platelets_10^9_per_L": 274,
    "CRP_mg_per_L": 0.8,
    "ESR_mm_per_hr": 27,
    "Creatinine_mg_per_dL": 1.09,
    "ALT_U_per_L": 50.3,
    "AST_U_per_L": 11.3,
    "Imaging_Findings": "No focal lesion; nonspecific changes",
    "Treatment": "Chemotherapy",
    "Outcome": "Stable (on treatment)"
  },
  {
    "PatientID": "PT1013",
    "Age": 71,
    "Sex": "Male",
    "Clinical_Description": "71-yr Male. Presents with hematuria, flank pain, palpable mass. Imaging: large heterogenous mass with necrosis.",
    "Date_of_Diagnosis": "2025-09-29",
    "Tumor_Type": "Breast cancer",
    "ICD10_Code": "C50",
    "WBC_10^9_per_L": 7.8,
    "Hemoglobin_g_per_dL": 11.4,
    "Platelets_10^9_per_L": 296,
    "CRP_mg_per_L": 0.5,
    "ESR_mm_per_hr": 51,
    "Creatinine_mg_per_dL": 1.27,
    "ALT_U_per_L": 53.5,
    "AST_U_per_L": 62.7,
    "Imaging_Findings": "Large heterogenous mass with necrosis",
    "Treatment": "Radiation therapy",
    "Outcome": "Progressive disease"
  },
  {
    "PatientID": "PT1014",
    "Age": 72,
    "Sex": "Male",
    "Clinical_Description": "72-yr Male. Presents with weight loss, fatigue, loss of appetite. Imaging: hypoechoic lesion on ultrasound.",
    "Date_of_Diagnosis": "2025-04-05",
    "Tumor_Type": "Lung cancer",
    "ICD10_Code": "C34",
    "WBC_10^9_per_L": 4.5,
    "Hemoglobin_g_per_dL": 11.9,
    "Platelets_10^9_per_L": 287,
    "CRP_mg_per_L": 5.9,
    "ESR_mm_per_hr": 35,
    "Creatinine_mg_per_dL": 1.33,
    "ALT_U_per_L": 27.2,
    "AST_U_per_L": 16.1,
    "Imaging_Findings": "Hypoechoic lesion on ultrasound",
    "Treatment": "Immunotherapy",
    "Outcome": "Stable (on treatment)"
  },
  {
    "PatientID": "PT1015",
    "Age": 71,
    "Sex": "Male",
    "Clinical_Description": "71-yr Male. Presents with back pain, bone pain, night sweats. Imaging: hypoechoic lesion on ultrasound.",
    "Date_of_Diagnosis": "2021-05-06",
    "Tumor_Type": "Leukemia (acute)",
    "ICD10_Code": "C91",
    "WBC_10^9_per_L": 56.8,
    "Hemoglobin_g_per_dL": 15.5,
    "Platelets_10^9_per_L": 121,
    "CRP_mg_per_L": 0.5,
    "ESR_mm_per_hr": 31,
    "Creatinine_mg_per_dL": 1.13,
    "ALT_U_per_L": 58.8,
    "AST_U_per_L": 55.4,
    "Imaging_Findings": "Hypoechoic lesion on ultrasound",
    "Treatment": "Radiation therapy",
    "Outcome": "Progressive disease"
  },
  {
    "PatientID": "PT1016",
    "Age": 47,
    "Sex": "Female",
    "Clinical_Description": "47-yr Female. Presents with lower urinary symptoms, hematuria. Imaging: mass lesion in organ with irregular margins.",
    "Date_of_Diagnosis": "2022-05-16",
    "Tumor_Type": "Bladder cancer",
    "ICD10_Code": "C67",
    "WBC_10^9_per_L": 8.5,
    "Hemoglobin_g_per_dL": 10.5,
    "Platelets_10^9_per_L": 268,
    "CRP_mg_per_L": 0.9,
    "ESR_mm_per_hr": 26,
    "Creatinine_mg_per_dL": 1.22,
    "ALT_U_per_L": 38.5,
    "AST_U_per_L": 10.1,
    "Imaging_Findings": "Mass lesion in organ with irregular margins",
    "Treatment": "Chemoradiation",
    "Outcome": "Recovered"
  },
  {
    "PatientID": "PT1017",
    "Age": 43,
    "Sex": "Other",
    "Clinical_Description": "43-yr Other. Presents with headache, seizures, focal weakness. Imaging: no focal lesion; nonspecific changes.",
    "Date_of_Diagnosis": "2023-12-28",
    "Tumor_Type": "Brain tumor (malignant)",
    "ICD10_Code": "C71",
    "WBC_10^9_per_L": 7.4,
    "Hemoglobin_g_per_dL": 13.9,
    "Platelets_10^9_per_L": 342,
    "CRP_mg_per_L": 5.2,
    "ESR_mm_per_hr": 15,
    "Creatinine_mg_per_dL": 1.13,
    "ALT_U_per_L": 53.8,
    "AST_U_per_L": 16.4,
    "Imaging_Findings": "No focal lesion; nonspecific changes",
    "Treatment": "Immunotherapy",
    "Outcome": "Progressive disease"
  },
  {
    "PatientID": "PT1018",
    "Age": 62,
    "Sex": "Female",
    "Clinical_Description": "62-yr Female. Presents with palpable mass in breast, nipple discharge. Imaging: blastic bone lesions on x-ray.",
    "Date_of_Diagnosis": "2023-05-15",
    "Tumor_Type": "Prostate cancer",
    "ICD10_Code": "C61",
    "WBC_10^9_per_L": 4.5,
    "Hemoglobin_g_per_dL": 11.4,
    "Platelets_10^9_per_L": 277,
    "CRP_mg_per_L": 11.1,
    "ESR_mm_per_hr": 39,
    "Creatinine_mg_per_dL": 1.27,
    "ALT_U_per_L": 89.7,
    "AST_U_per_L": 33.7,
    "Imaging_Findings": "Blastic bone lesions on X-ray",
    "Treatment": "Palliative care",
    "Outcome": "Recovered"
  },
  {
    "PatientID": "PT1019",
    "Age": 68,
    "Sex": "Male",
    "Clinical_Description": "68-yr Male. Presents with palpable mass in breast, nipple discharge. Imaging: mass lesion in organ with irregular margins.",
    "Date_of_Diagnosis": "2023-11-27",
    "Tumor_Type": "Bladder cancer",
    "ICD10_Code": "C67",
    "WBC_10^9_per_L": 4.2,
    "Hemoglobin_g_per_dL": 14.2,
    "Platelets_10^9_per_L": 232,
    "CRP_mg_per_L": 0.1,
    "ESR_mm_per_hr": 35,
    "Creatinine_mg_per_dL": 1.31,
    "ALT_U_per_L": 49.8,
    "AST_U_per_L": 23.9,
    "Imaging_Findings": "Mass lesion in organ with irregular margins",
    "Treatment": "Immunotherapy",
    "Outcome": "Stable (on treatment)"
  },
  {
    "PatientID": "PT1020",
    "Age": 70,
    "Sex": "Female",
    "Clinical_Description": "70-yr Female. Presents with lower urinary symptoms, hematuria. Imaging: blastic bone lesions on x-ray.",
    "Date_of_Diagnosis": "2020-11-18",
    "Tumor_Type": "Prostate cancer",
    "ICD10_Code": "C61",
    "WBC_10^9_per_L": 7.9,
    "Hemoglobin_g_per_dL": 11.8,
    "Platelets_10^9_per_L": 150,
    "CRP_mg_per_L": 13.8,
    "ESR_mm_per_hr": 35,
    "Creatinine_mg_per_dL": 1.5,
    "ALT_U_per_L": 39.6,
    "AST_U_per_L": 17.4,
    "Imaging_Findings": "Blastic bone lesions on X-ray",
    "Treatment": "Chemoradiation",
    "Outcome": "Deceased"
  },
  {
    "PatientID": "PT1021",
    "Age": 60,
    "Sex": "Male",
    "Clinical_Description": "60-yr Male. Presents with persistent cough, hemoptysis, dyspnea. Imaging: blastic bone lesions on x-ray.",
    "Date_of_Diagnosis": "2021-04-07",
    "Tumor_Type": "Pancreatic cancer",
    "ICD10_Code": "C25",
    "WBC_10^9_per_L": 5.8,
    "Hemoglobin_g_per_dL": 14.3,
    "Platelets_10^9_per_L": 336,
    "CRP_mg_per_L": 2.2,
    "ESR_mm_per_hr": 37,
    "Creatinine_mg_per_dL": 1.41,
    "ALT_U_per_L": 22.9,
    "AST_U_per_L": 37.5,
    "Imaging_Findings": "Blastic bone lesions on X-ray",
    "Treatment": "Chemoradiation",
    "Outcome": "Progressive disease"
  },
  {
    "PatientID": "PT1022",
    "Age": 63,
    "Sex": "Female",
    "Clinical_Description": "63-yr Female. Presents with hematuria, flank pain, palpable mass. Imaging: mass lesion in organ with irregular margins.",
    "Date_of_Diagnosis": "2025-05-11",
    "Tumor_Type": "Breast cancer",
    "ICD10_Code": "C50",
    "WBC_10^9_per_L": 14.3,
    "Hemoglobin_g_per_dL": 12.4,
    "Platelets_10^9_per_L": 340,
    "CRP_mg_per_L": 6.1,
    "ESR_mm_per_hr": 29,
    "Creatinine_mg_per_dL": 1.22,
    "ALT_U_per_L": 11.9,
    "AST_U_per_L": 10,
    "Imaging_Findings": "Mass lesion in organ with irregular margins",
    "Treatment": "Palliative care",
    "Outcome": "Recovered"
  },
  {
    "PatientID": "PT1023",
    "Age": 53,
    "Sex": "Other",
    "Clinical_Description": "53-yr Other. Presents with headache, seizures, focal weakness. Imaging: blastic bone lesions on x-ray.",
    "Date_of_Diagnosis": "2024-10-01",
    "Tumor_Type": "Bladder cancer",
    "ICD10_Code": "C67",
    "WBC_10^9_per_L": 11.1,
    "Hemoglobin_g_per_dL": 9.1,
    "Platelets_10^9_per_L": 304,
    "CRP_mg_per_L": 0.2,
    "ESR_mm_per_hr": 9,
    "Creatinine_mg_per_dL": 1,
    "ALT_U_per_L": 28.3,
    "AST_U_per_L": 60.1,
    "Imaging_Findings": "Blastic bone lesions on X-ray",
    "Treatment": "Chemotherapy",
    "Outcome": "Stable (on treatment)"
  },
  {
    "PatientID": "PT1024",
    "Age": 61,
    "Sex": "Male",
    "Clinical_Description": "61-yr Male. Presents with headache, seizures, focal weakness. Imaging: blastic bone lesions on x-ray.",
    "Date_of_Diagnosis": "2024-03-19",
    "Tumor_Type": "Bladder cancer",
    "ICD10_Code": "C67",
    "WBC_10^9_per_L": 6.4,
    "Hemoglobin_g_per_dL": 13.6,
    "Platelets_10^9_per_L": 197,
    "CRP_mg_per_L": 3.9,
    "ESR_mm_per_hr": 40,
    "Creatinine_mg_per_dL": 1.41,
    "ALT_U_per_L": 35.3,
    "AST_U_per_L": 40,
    "Imaging_Findings": "Blastic bone lesions on X-ray",
    "Treatment": "Radiation therapy",
    "Outcome": "Recovered"
  },
  {
    "PatientID": "PT1025",
    "Age": 50,
    "Sex": "Male",
    "Clinical_Description": "50-yr Male. Presents with fever, fatigue, recurrent infections. Imaging: single enhancing lesion on ct/mri.",
    "Date_of_Diagnosis": "2022-04-04",
    "Tumor_Type": "Colon cancer",
    "ICD10_Code": "C18",
    "WBC_10^9_per_L": 8,
    "Hemoglobin_g_per_dL": 13.3,
    "Platelets_10^9_per_L": 290,
    "CRP_mg_per_L": 2.6,
    "ESR_mm_per_hr": 33,
    "Creatinine_mg_per_dL": 1.16,
    "ALT_U_per_L": 28.6,
    "AST_U_per_L": 37.7,
    "Imaging_Findings": "Single enhancing lesion on CT/MRI",
    "Treatment": "Targeted therapy",
    "Outcome": "Stable (on treatment)"
  },
  {
    "PatientID": "PT1026",
    "Age": 37,
    "Sex": "Male",
    "Clinical_Description": "37-yr Male. Presents with headache, seizures, focal weakness. Imaging: diffuse infiltration with lymphadenopathy.",
    "Date_of_Diagnosis": "2025-05-04",
    "Tumor_Type": "Leukemia (acute)",
    "ICD10_Code": "C91",
    "WBC_10^9_per_L": 77.5,
    "Hemoglobin_g_per_dL": 16.7,
    "Platelets_10^9_per_L": 332,
    "CRP_mg_per_L": 2.7,
    "ESR_mm_per_hr": 15,
    "Creatinine_mg_per_dL": 0.94,
    "ALT_U_per_L": 30.3,
    "AST_U_per_L": 65.7,
    "Imaging_Findings": "Diffuse infiltration with lymphadenopathy",
    "Treatment": "Surgery",
    "Outcome": "Stable (on treatment)"
  },
  {
    "PatientID": "PT1027",
    "Age": 14,
    "Sex": "Other",
    "Clinical_Description": "14-yr Other. Presents with persistent cough, hemoptysis, dyspnea. Imaging: solid-cystic mass on mri.",
    "Date_of_Diagnosis": "2021-07-19",
    "Tumor_Type": "Leukemia (acute)",
    "ICD10_Code": "C91",
    "WBC_10^9_per_L": 42.4,
    "Hemoglobin_g_per_dL": 10.3,
    "Platelets_10^9_per_L": 380,
    "CRP_mg_per_L": 5,
    "ESR_mm_per_hr": 3,
    "Creatinine_mg_per_dL": 0.87,
    "ALT_U_per_L": 25.7,
    "AST_U_per_L": 33.1,
    "Imaging_Findings": "Solid-cystic mass on MRI",
    "Treatment": "Surgery + Chemotherapy",
    "Outcome": "Deceased"
  },
  {
    "PatientID": "PT1028",
    "Age": 92,
    "Sex": "Other",
    "Clinical_Description": "92-yr Other. Presents with palpable mass in breast, nipple discharge. Imaging: solid-cystic mass on mri.",
    "Date_of_Diagnosis": "2022-08-12",
    "Tumor_Type": "Kidney cancer",
    "ICD10_Code": "C64",
    "WBC_10^9_per_L": 6.2,
    "Hemoglobin_g_per_dL": 12.9,
    "Platelets_10^9_per_L": 201,
    "CRP_mg_per_L": 0.1,
    "ESR_mm_per_hr": 39,
    "Creatinine_mg_per_dL": 1.39,
    "ALT_U_per_L": 10,
    "AST_U_per_L": 55,
    "Imaging_Findings": "Solid-cystic mass on MRI",
    "Treatment": "Chemotherapy",
    "Outcome": "Stable (on treatment)"
  },
  {
    "PatientID": "PT1029",
    "Age": 89,
    "Sex": "Other",
    "Clinical_Description": "89-yr Other. Presents with blood in stool, change in bowel habits. Imaging: blastic bone lesions on x-ray.",
    "Date_of_Diagnosis": "2022-05-07",
    "Tumor_Type": "Colon cancer",
    "ICD10_Code": "C18",
    "WBC_10^9_per_L": 3.4,
    "Hemoglobin_g_per_dL": 13.6,
    "Platelets_10^9_per_L": 272,
    "CRP_mg_per_L": 0.4,
    "ESR_mm_per_hr": 26,
    "Creatinine_mg_per_dL": 1.49,
    "ALT_U_per_L": 25.7,
    "AST_U_per_L": 20.8,
    "Imaging_Findings": "Blastic bone lesions on X-ray",
    "Treatment": "Radiation therapy",
    "Outcome": "Progressive disease"
  },
  {
    "PatientID": "PT1030",
    "Age": 55,
    "Sex": "Female",
    "Clinical_Description": "55-yr Female. Presents with abdominal pain, jaundice, weight loss. Imaging: solid-cystic mass on mri.",
    "Date_of_Diagnosis": "2021-12-13",
    "Tumor_Type": "Leukemia (acute)",
    "ICD10_Code": "C91",
    "WBC_10^9_per_L": 59.2,
    "Hemoglobin_g_per_dL": 12.7,
    "Platelets_10^9_per_L": 300,
    "CRP_mg_per_L": 1.7,
    "ESR_mm_per_hr": 31,
    "Creatinine_mg_per_dL": 1.04,
    "ALT_U_per_L": 10,
    "AST_U_per_L": 10,
    "Imaging_Findings": "Solid-cystic mass on MRI",
    "Treatment": "Palliative care",
    "Outcome": "Recovered"
  },
  {
    "PatientID": "PT1031",
    "Age": 67,
    "Sex": "Male",
    "Clinical_Description": "67-yr Male. Presents with weight loss, fatigue, loss of appetite. Imaging: no focal lesion; nonspecific changes.",
    "Date_of_Diagnosis": "2021-05-09",
    "Tumor_Type": "Breast cancer",
    "ICD10_Code": "C50",
    "WBC_10^9_per_L": 6.8,
    "Hemoglobin_g_per_dL": 15.1,
    "Platelets_10^9_per_L": 316,
    "CRP_mg_per_L": 0.5,
    "ESR_mm_per_hr": 36,
    "Creatinine_mg_per_dL": 1.32,
    "ALT_U_per_L": 53.6,
    "AST_U_per_L": 22.6,
    "Imaging_Findings": "No focal lesion; nonspecific changes",
    "Treatment": "Radiation therapy",
    "Outcome": "Stable (on treatment)"
  },
  {
    "PatientID": "PT1032",
    "Age": 73,
    "Sex": "Male",
    "Clinical_Description": "73-yr Male. Presents with weight loss, fatigue, loss of appetite. Imaging: diffuse infiltration with lymphadenopathy.",
    "Date_of_Diagnosis": "2022-01-25",
    "Tumor_Type": "Breast cancer",
    "ICD10_Code": "C50",
    "WBC_10^9_per_L": 8,
    "Hemoglobin_g_per_dL": 13.6,
    "Platelets_10^9_per_L": 297,
    "CRP_mg_per_L": 5,
    "ESR_mm_per_hr": 11,
    "Creatinine_mg_per_dL": 1.29,
    "ALT_U_per_L": 59.1,
    "AST_U_per_L": 10.5,
    "Imaging_Findings": "Diffuse infiltration with lymphadenopathy",
    "Treatment": "Surgery + Chemotherapy",
    "Outcome": "Deceased"
  },
  {
    "PatientID": "PT1033",
    "Age": 68,
    "Sex": "Female",
    "Clinical_Description": "68-yr Female. Presents with blood in stool, change in bowel habits. Imaging: large heterogenous mass with necrosis.",
    "Date_of_Diagnosis": "2025-04-28",
    "Tumor_Type": "Breast cancer",
    "ICD10_Code": "C50",
    "WBC_10^9_per_L": 8.7,
    "Hemoglobin_g_per_dL": 10.2,
    "Platelets_10^9_per_L": 256,
    "CRP_mg_per_L": 2.9,
    "ESR_mm_per_hr": 21,
    "Creatinine_mg_per_dL": 1.18,
    "ALT_U_per_L": 51.1,
    "AST_U_per_L": 43,
    "Imaging_Findings": "Large heterogenous mass with necrosis",
    "Treatment": "Palliative care",
    "Outcome": "Stable (on treatment)"
  },
  {
    "PatientID": "PT1034",
    "Age": 79,
    "Sex": "Male",
    "Clinical_Description": "79-yr Male. Presents with back pain, bone pain, night sweats. Imaging: no focal lesion; nonspecific changes.",
    "Date_of_Diagnosis": "2025-05-30",
    "Tumor_Type": "Liver cancer (hepatocellular)",
    "ICD10_Code": "C22",
    "WBC_10^9_per_L": 7.2,
    "Hemoglobin_g_per_dL": 12.8,
    "Platelets_10^9_per_L": 268,
    "CRP_mg_per_L": 0.4,
    "ESR_mm_per_hr": 42,
    "Creatinine_mg_per_dL": 1.32,
    "ALT_U_per_L": 21.7,
    "AST_U_per_L": 56.5,
    "Imaging_Findings": "No focal lesion; nonspecific changes",
    "Treatment": "Palliative care",
    "Outcome": "Stable (on treatment)"
  },
  {
    "PatientID": "PT1035",
    "Age": 64,
    "Sex": "Female",
    "Clinical_Description": "64-yr Female. Presents with blood in stool, change in bowel habits. Imaging: multiple metastatic nodules on ct chest.",
    "Date_of_Diagnosis": "2022-11-30",
    "Tumor_Type": "Kidney cancer",
    "ICD10_Code": "C64",
    "WBC_10^9_per_L": 11.7,
    "Hemoglobin_g_per_dL": 11.3,
    "Platelets_10^9_per_L": 248,
    "CRP_mg_per_L": 0.1,
    "ESR_mm_per_hr": 17,
    "Creatinine_mg_per_dL": 1.1,
    "ALT_U_per_L": 34,
    "AST_U_per_L": 54.9,
    "Imaging_Findings": "Multiple metastatic nodules on CT chest",
    "Treatment": "Surgery + Chemotherapy",
    "Outcome": "Progressive disease"
  },
  {
    "PatientID": "PT1036",
    "Age": 70,
    "Sex": "Female",
    "Clinical_Description": "70-yr Female. Presents with lower urinary symptoms, hematuria. Imaging: single enhancing lesion on ct/mri.",
    "Date_of_Diagnosis": "2023-03-20",
    "Tumor_Type": "Colon cancer",
    "ICD10_Code": "C18",
    "WBC_10^9_per_L": 7.9,
    "Hemoglobin_g_per_dL": 12.5,
    "Platelets_10^9_per_L": 217,
    "CRP_mg_per_L": 1.3,
    "ESR_mm_per_hr": 29,
    "Creatinine_mg_per_dL": 1.39,
    "ALT_U_per_L": 44.5,
    "AST_U_per_L": 33,
    "Imaging_Findings": "Single enhancing lesion on CT/MRI",
    "Treatment": "Surgery + Chemotherapy",
    "Outcome": "Recovered"
  },
  {
    "PatientID": "PT1037",
    "Age": 80,
    "Sex": "Other",
    "Clinical_Description": "80-yr Other. Presents with persistent cough, hemoptysis, dyspnea. Imaging: diffuse infiltration with lymphadenopathy.",
    "Date_of_Diagnosis": "2024-11-20",
    "Tumor_Type": "Prostate cancer",
    "ICD10_Code": "C61",
    "WBC_10^9_per_L": 12.6,
    "Hemoglobin_g_per_dL": 11.1,
    "Platelets_10^9_per_L": 319,
    "CRP_mg_per_L": 0.2,
    "ESR_mm_per_hr": 32,
    "Creatinine_mg_per_dL": 1.28,
    "ALT_U_per_L": 54.5,
    "AST_U_per_L": 10,
    "Imaging_Findings": "Diffuse infiltration with lymphadenopathy",
    "Treatment": "Radiation therapy",
    "Outcome": "Recovered"
  },
  {
    "PatientID": "PT1038",
    "Age": 70,
    "Sex": "Female",
    "Clinical_Description": "70-yr Female. Presents with palpable mass in breast, nipple discharge. Imaging: large heterogenous mass with necrosis.",
    "Date_of_Diagnosis": "2025-01-06",
    "Tumor_Type": "Breast cancer",
    "ICD10_Code": "C50",
    "WBC_10^9_per_L": 2.5,
    "Hemoglobin_g_per_dL": 10.4,
    "Platelets_10^9_per_L": 262,
    "CRP_mg_per_L": 18.3,
    "ESR_mm_per_hr": 9,
    "Creatinine_mg_per_dL": 1.29,
    "ALT_U_per_L": 46.4,
    "AST_U_per_L": 49.5,
    "Imaging_Findings": "Large heterogenous mass with necrosis",
    "Treatment": "Palliative care",
    "Outcome": "Stable (on treatment)"
  },
  {
    "PatientID": "PT1039",
    "Age": 41,
    "Sex": "Male",
    "Clinical_Description": "41-yr Male. Presents with fever, fatigue, recurrent infections. Imaging: multiple metastatic nodules on ct chest.",
    "Date_of_Diagnosis": "2024-06-18",
    "Tumor_Type": "Colon cancer",
    "ICD10_Code": "C18",
    "WBC_10^9_per_L": 12.9,
    "Hemoglobin_g_per_dL": 12.8,
    "Platelets_10^9_per_L": 112,
    "CRP_mg_per_L": 17.5,
    "ESR_mm_per_hr": 36,
    "Creatinine_mg_per_dL": 1.2,
    "ALT_U_per_L": 40.6,
    "AST_U_per_L": 10,
    "Imaging_Findings": "Multiple metastatic nodules on CT chest",
    "Treatment": "Surgery",
    "Outcome": "Progressive disease"
  },
  {
    "PatientID": "PT1040",
    "Age": 47,
    "Sex": "Other",
    "Clinical_Description": "47-yr Other. Presents with persistent cough, hemoptysis, dyspnea. Imaging: diffuse infiltration with lymphadenopathy.",
    "Date_of_Diagnosis": "2024-01-15",
    "Tumor_Type": "Bladder cancer",
    "ICD10_Code": "C67",
    "WBC_10^9_per_L": 7.6,
    "Hemoglobin_g_per_dL": 11.7,
    "Platelets_10^9_per_L": 299,
    "CRP_mg_per_L": 3,
    "ESR_mm_per_hr": 10,
    "Creatinine_mg_per_dL": 1.17,
    "ALT_U_per_L": 56.2,
    "AST_U_per_L": 59.7,
    "Imaging_Findings": "Diffuse infiltration with lymphadenopathy",
    "Treatment": "Chemotherapy",
    "Outcome": "Stable (on treatment)"
  },
  {
    "PatientID": "PT1041",
    "Age": 64,
    "Sex": "Female",
    "Clinical_Description": "64-yr Female. Presents with hematuria, flank pain, palpable mass. Imaging: single enhancing lesion on ct/mri.",
    "Date_of_Diagnosis": "2025-09-07",
    "Tumor_Type": "Lung cancer",
    "ICD10_Code": "C34",
    "WBC_10^9_per_L": 8.3,
    "Hemoglobin_g_per_dL": 11.7,
    "Platelets_10^9_per_L": 344,
    "CRP_mg_per_L": 4,
    "ESR_mm_per_hr": 28,
    "Creatinine_mg_per_dL": 1.35,
    "ALT_U_per_L": 38.3,
    "AST_U_per_L": 13.6,
    "Imaging_Findings": "Single enhancing lesion on CT/MRI",
    "Treatment": "Chemotherapy",
    "Outcome": "Stable (on treatment)"
  },
  {
    "PatientID": "PT1042",
    "Age": 56,
    "Sex": "Female",
    "Clinical_Description": "56-yr Female. Presents with lower urinary symptoms, hematuria. Imaging: large heterogenous mass with necrosis.",
    "Date_of_Diagnosis": "2024-02-02",
    "Tumor_Type": "Lung cancer",
    "ICD10_Code": "C34",
    "WBC_10^9_per_L": 10.8,
    "Hemoglobin_g_per_dL": 10.1,
    "Platelets_10^9_per_L": 304,
    "CRP_mg_per_L": 0.7,
    "ESR_mm_per_hr": 8,
    "Creatinine_mg_per_dL": 1.37,
    "ALT_U_per_L": 52.7,
    "AST_U_per_L": 29.5,
    "Imaging_Findings": "Large heterogenous mass with necrosis",
    "Treatment": "Immunotherapy",
    "Outcome": "Progressive disease"
  },
  {
    "PatientID": "PT1043",
    "Age": 81,
    "Sex": "Other",
    "Clinical_Description": "81-yr Other. Presents with fever, fatigue, recurrent infections. Imaging: solid-cystic mass on mri.",
    "Date_of_Diagnosis": "2024-08-17",
    "Tumor_Type": "Leukemia (acute)",
    "ICD10_Code": "C91",
    "WBC_10^9_per_L": 98.9,
    "Hemoglobin_g_per_dL": 10,
    "Platelets_10^9_per_L": 113,
    "CRP_mg_per_L": 3.1,
    "ESR_mm_per_hr": 30,
    "Creatinine_mg_per_dL": 1.31,
    "ALT_U_per_L": 43.1,
    "AST_U_per_L": 52.2,
    "Imaging_Findings": "Solid-cystic mass on MRI",
    "Treatment": "Chemotherapy",
    "Outcome": "Recovered"
  },
  {
    "PatientID": "PT1044",
    "Age": 39,
    "Sex": "Male",
    "Clinical_Description": "39-yr Male. Presents with back pain, bone pain, night sweats. Imaging: blastic bone lesions on x-ray.",
    "Date_of_Diagnosis": "2025-08-16",
    "Tumor_Type": "Leukemia (acute)",
    "ICD10_Code": "C91",
    "WBC_10^9_per_L": 21.8,
    "Hemoglobin_g_per_dL": 12.7,
    "Platelets_10^9_per_L": 165,
    "CRP_mg_per_L": 11.4,
    "ESR_mm_per_hr": 43,
    "Creatinine_mg_per_dL": 1.1,
    "ALT_U_per_L": 26.1,
    "AST_U_per_L": 23.4,
    "Imaging_Findings": "Blastic bone lesions on X-ray",
    "Treatment": "Surgery",
    "Outcome": "Progressive disease"
  },
  {
    "PatientID": "PT1045",
    "Age": 52,
    "Sex": "Male",
    "Clinical_Description": "52-yr Male. Presents with lower urinary symptoms, hematuria. Imaging: blastic bone lesions on x-ray.",
    "Date_of_Diagnosis": "2025-06-02",
    "Tumor_Type": "Breast cancer",
    "ICD10_Code": "C50",
    "WBC_10^9_per_L": 5.8,
    "Hemoglobin_g_per_dL": 11.9,
    "Platelets_10^9_per_L": 205,
    "CRP_mg_per_L": 3.5,
    "ESR_mm_per_hr": 13,
    "Creatinine_mg_per_dL": 1.21,
    "ALT_U_per_L": 35.8,
    "AST_U_per_L": 41.3,
    "Imaging_Findings": "Blastic bone lesions on X-ray",
    "Treatment": "Chemotherapy",
    "Outcome": "Recovered"
  },
  {
    "PatientID": "PT1046",
    "Age": 76,
    "Sex": "Other",
    "Clinical_Description": "76-yr Other. Presents with palpable mass in breast, nipple discharge. Imaging: multiple metastatic nodules on ct chest.",
    "Date_of_Diagnosis": "2023-12-26",
    "Tumor_Type": "Breast cancer",
    "ICD10_Code": "C50",
    "WBC_10^9_per_L": 6.9,
    "Hemoglobin_g_per_dL": 13.6,
    "Platelets_10^9_per_L": 310,
    "CRP_mg_per_L": 1,
    "ESR_mm_per_hr": 24,
    "Creatinine_mg_per_dL": 1.09,
    "ALT_U_per_L": 82.5,
    "AST_U_per_L": 26.4,
    "Imaging_Findings": "Multiple metastatic nodules on CT chest",
    "Treatment": "Surgery + Chemotherapy",
    "Outcome": "Progressive disease"
  },
  {
    "PatientID": "PT1047",
    "Age": 83,
    "Sex": "Male",
    "Clinical_Description": "83-yr Male. Presents with back pain, bone pain, night sweats. Imaging: diffuse infiltration with lymphadenopathy.",
    "Date_of_Diagnosis": "2023-12-11",
    "Tumor_Type": "Prostate cancer",
    "ICD10_Code": "C61",
    "WBC_10^9_per_L": 7.9,
    "Hemoglobin_g_per_dL": 14,
    "Platelets_10^9_per_L": 496,
    "CRP_mg_per_L": 0.6,
    "ESR_mm_per_hr": 42,
    "Creatinine_mg_per_dL": 1.65,
    "ALT_U_per_L": 10,
    "AST_U_per_L": 17.4,
    "Imaging_Findings": "Diffuse infiltration with lymphadenopathy",
    "Treatment": "Surgery",
    "Outcome": "Progressive disease"
  },
  {
    "PatientID": "PT1048",
    "Age": 47,
    "Sex": "Female",
    "Clinical_Description": "47-yr Female. Presents with back pain, bone pain, night sweats. Imaging: blastic bone lesions on x-ray.",
    "Date_of_Diagnosis": "2022-02-07",
    "Tumor_Type": "Pancreatic cancer",
    "ICD10_Code": "C25",
    "WBC_10^9_per_L": 4.6,
    "Hemoglobin_g_per_dL": 14,
    "Platelets_10^9_per_L": 320,
    "CRP_mg_per_L": 7.8,
    "ESR_mm_per_hr": 15,
    "Creatinine_mg_per_dL": 1.09,
    "ALT_U_per_L": 82.5,
    "AST_U_per_L": 50.3,
    "Imaging_Findings": "Blastic bone lesions on X-ray",
    "Treatment": "Targeted therapy",
    "Outcome": "Deceased"
  },
  {
    "PatientID": "PT1049",
    "Age": 45,
    "Sex": "Male",
    "Clinical_Description": "45-yr Male. Presents with abdominal pain, jaundice, weight loss. Imaging: diffuse infiltration with lymphadenopathy.",
    "Date_of_Diagnosis": "2025-01-24",
    "Tumor_Type": "Pancreatic cancer",
    "ICD10_Code": "C25",
    "WBC_10^9_per_L": 5.8,
    "Hemoglobin_g_per_dL": 11.4,
    "Platelets_10^9_per_L": 324,
    "CRP_mg_per_L": 2.2,
    "ESR_mm_per_hr": 43,
    "Creatinine_mg_per_dL": 1.19,
    "ALT_U_per_L": 37.5,
    "AST_U_per_L": 25.5,
    "Imaging_Findings": "Diffuse infiltration with lymphadenopathy",
    "Treatment": "Chemoradiation",
    "Outcome": "Stable (on treatment)"
  },
  {
    "PatientID": "PT1050",
    "Age": 56,
    "Sex": "Other",
    "Clinical_Description": "56-yr Other. Presents with lower urinary symptoms, hematuria. Imaging: hypoechoic lesion on ultrasound.",
    "Date_of_Diagnosis": "2021-07-03",
    "Tumor_Type": "Pancreatic cancer",
    "ICD10_Code": "C25",
    "WBC_10^9_per_L": 5.5,
    "Hemoglobin_g_per_dL": 11.4,
    "Platelets_10^9_per_L": 180,
    "CRP_mg_per_L": 1,
    "ESR_mm_per_hr": 2,
    "Creatinine_mg_per_dL": 1.25,
    "ALT_U_per_L": 42.8,
    "AST_U_per_L": 30.5,
    "Imaging_Findings": "Hypoechoic lesion on ultrasound",
    "Treatment": "Surgery + Chemotherapy",
    "Outcome": "Recovered"
  },
  {
    "PatientID": "PT1051",
    "Age": 51,
    "Sex": "Other",
    "Clinical_Description": "51-yr Other. Presents with persistent cough, hemoptysis, dyspnea. Imaging: multiple metastatic nodules on ct chest.",
    "Date_of_Diagnosis": "2023-09-14",
    "Tumor_Type": "Leukemia (acute)",
    "ICD10_Code": "C91",
    "WBC_10^9_per_L": 65,
    "Hemoglobin_g_per_dL": 10.7,
    "Platelets_10^9_per_L": 257,
    "CRP_mg_per_L": 4.2,
    "ESR_mm_per_hr": 32,
    "Creatinine_mg_per_dL": 1.26,
    "ALT_U_per_L": 19.8,
    "AST_U_per_L": 21.8,
    "Imaging_Findings": "Multiple metastatic nodules on CT chest",
    "Treatment": "Radiation therapy",
    "Outcome": "Stable (on treatment)"
  },
  {
    "PatientID": "PT1052",
    "Age": 45,
    "Sex": "Male",
    "Clinical_Description": "45-yr Male. Presents with persistent cough, hemoptysis, dyspnea. Imaging: diffuse infiltration with lymphadenopathy.",
    "Date_of_Diagnosis": "2025-07-27",
    "Tumor_Type": "Leukemia (acute)",
    "ICD10_Code": "C91",
    "WBC_10^9_per_L": 51.4,
    "Hemoglobin_g_per_dL": 13.9,
    "Platelets_10^9_per_L": 177,
    "CRP_mg_per_L": 1.7,
    "ESR_mm_per_hr": 12,
    "Creatinine_mg_per_dL": 1.22,
    "ALT_U_per_L": 90.7,
    "AST_U_per_L": 10,
    "Imaging_Findings": "Diffuse infiltration with lymphadenopathy",
    "Treatment": "Targeted therapy",
    "Outcome": "Stable (on treatment)"
  },
  {
    "PatientID": "PT1053",
    "Age": 47,
    "Sex": "Female",
    "Clinical_Description": "47-yr Female. Presents with headache, seizures, focal weakness. Imaging: no focal lesion; nonspecific changes.",
    "Date_of_Diagnosis": "2021-03-08",
    "Tumor_Type": "Bladder cancer",
    "ICD10_Code": "C67",
    "WBC_10^9_per_L": 8.2,
    "Hemoglobin_g_per_dL": 10.6,
    "Platelets_10^9_per_L": 316,
    "CRP_mg_per_L": 7.1,
    "ESR_mm_per_hr": 13,
    "Creatinine_mg_per_dL": 0.99,
    "ALT_U_per_L": 83.7,
    "AST_U_per_L": 10,
    "Imaging_Findings": "No focal lesion; nonspecific changes",
    "Treatment": "Surgery",
    "Outcome": "Progressive disease"
  },
  {
    "PatientID": "PT1054",
    "Age": 45,
    "Sex": "Other",
    "Clinical_Description": "45-yr Other. Presents with persistent cough, hemoptysis, dyspnea. Imaging: mass lesion in organ with irregular margins.",
    "Date_of_Diagnosis": "2025-01-04",
    "Tumor_Type": "Lung cancer",
    "ICD10_Code": "C34",
    "WBC_10^9_per_L": 7.3,
    "Hemoglobin_g_per_dL": 12.7,
    "Platelets_10^9_per_L": 237,
    "CRP_mg_per_L": 4.3,
    "ESR_mm_per_hr": 22,
    "Creatinine_mg_per_dL": 1.1,
    "ALT_U_per_L": 23.1,
    "AST_U_per_L": 42.6,
    "Imaging_Findings": "Mass lesion in organ with irregular margins",
    "Treatment": "Chemoradiation",
    "Outcome": "Recovered"
  },
  {
    "PatientID": "PT1055",
    "Age": 65,
    "Sex": "Male",
    "Clinical_Description": "65-yr Male. Presents with palpable mass in breast, nipple discharge. Imaging: large heterogenous mass with necrosis.",
    "Date_of_Diagnosis": "2024-04-27",
    "Tumor_Type": "Liver cancer (hepatocellular)",
    "ICD10_Code": "C22",
    "WBC_10^9_per_L": 7.1,
    "Hemoglobin_g_per_dL": 16.6,
    "Platelets_10^9_per_L": 319,
    "CRP_mg_per_L": 2.5,
    "ESR_mm_per_hr": 24,
    "Creatinine_mg_per_dL": 1.27,
    "ALT_U_per_L": 61,
    "AST_U_per_L": 19.8,
    "Imaging_Findings": "Large heterogenous mass with necrosis",
    "Treatment": "Chemoradiation",
    "Outcome": "Progressive disease"
  },
  {
    "PatientID": "PT1056",
    "Age": 28,
    "Sex": "Other",
    "Clinical_Description": "28-yr Other. Presents with headache, seizures, focal weakness. Imaging: blastic bone lesions on x-ray.",
    "Date_of_Diagnosis": "2021-02-17",
    "Tumor_Type": "Prostate cancer",
    "ICD10_Code": "C61",
    "WBC_10^9_per_L": 10.1,
    "Hemoglobin_g_per_dL": 13.1,
    "Platelets_10^9_per_L": 232,
    "CRP_mg_per_L": 2.4,
    "ESR_mm_per_hr": 29,
    "Creatinine_mg_per_dL": 0.99,
    "ALT_U_per_L": 17.3,
    "AST_U_per_L": 37.2,
    "Imaging_Findings": "Blastic bone lesions on X-ray",
    "Treatment": "Palliative care",
    "Outcome": "Stable (on treatment)"
  },
  {
    "PatientID": "PT1057",
    "Age": 39,
    "Sex": "Male",
    "Clinical_Description": "39-yr Male. Presents with hematuria, flank pain, palpable mass. Imaging: large heterogenous mass with necrosis.",
    "Date_of_Diagnosis": "2022-02-10",
    "Tumor_Type": "Breast cancer",
    "ICD10_Code": "C50",
    "WBC_10^9_per_L": 10.3,
    "Hemoglobin_g_per_dL": 12.9,
    "Platelets_10^9_per_L": 300,
    "CRP_mg_per_L": 11.2,
    "ESR_mm_per_hr": 45,
    "Creatinine_mg_per_dL": 1.07,
    "ALT_U_per_L": 43.1,
    "AST_U_per_L": 12.4,
    "Imaging_Findings": "Large heterogenous mass with necrosis",
    "Treatment": "Surgery",
    "Outcome": "Recovered"
  },
  {
    "PatientID": "PT1058",
    "Age": 48,
    "Sex": "Male",
    "Clinical_Description": "48-yr Male. Presents with headache, seizures, focal weakness. Imaging: mass lesion in organ with irregular margins.",
    "Date_of_Diagnosis": "2022-03-21",
    "Tumor_Type": "Pancreatic cancer",
    "ICD10_Code": "C25",
    "WBC_10^9_per_L": 6.9,
    "Hemoglobin_g_per_dL": 14.2,
    "Platelets_10^9_per_L": 276,
    "CRP_mg_per_L": 2.1,
    "ESR_mm_per_hr": 37,
    "Creatinine_mg_per_dL": 1.13,
    "ALT_U_per_L": 26.5,
    "AST_U_per_L": 22.1,
    "Imaging_Findings": "Mass lesion in organ with irregular margins",
    "Treatment": "Palliative care",
    "Outcome": "Stable (on treatment)"
  },
  {
    "PatientID": "PT1059",
    "Age": 72,
    "Sex": "Female",
    "Clinical_Description": "72-yr Female. Presents with persistent cough, hemoptysis, dyspnea. Imaging: multiple metastatic nodules on ct chest.",
    "Date_of_Diagnosis": "2021-02-04",
    "Tumor_Type": "Brain tumor (malignant)",
    "ICD10_Code": "C71",
    "WBC_10^9_per_L": 10.8,
    "Hemoglobin_g_per_dL": 14.3,
    "Platelets_10^9_per_L": 188,
    "CRP_mg_per_L": 1,
    "ESR_mm_per_hr": 16,
    "Creatinine_mg_per_dL": 1.28,
    "ALT_U_per_L": 51.7,
    "AST_U_per_L": 16,
    "Imaging_Findings": "Multiple metastatic nodules on CT chest",
    "Treatment": "Chemotherapy",
    "Outcome": "Stable (on treatment)"
  },
  {
    "PatientID": "PT1060",
    "Age": 27,
    "Sex": "Female",
    "Clinical_Description": "27-yr Female. Presents with palpable mass in breast, nipple discharge. Imaging: hypermetabolic lesion on pet-ct.",
    "Date_of_Diagnosis": "2025-01-24",
    "Tumor_Type": "Brain tumor (malignant)",
    "ICD10_Code": "C71",
    "WBC_10^9_per_L": 6.4,
    "Hemoglobin_g_per_dL": 15.2,
    "Platelets_10^9_per_L": 260,
    "CRP_mg_per_L": 0.1,
    "ESR_mm_per_hr": 38,
    "Creatinine_mg_per_dL": 1.06,
    "ALT_U_per_L": 39.3,
    "AST_U_per_L": 40,
    "Imaging_Findings": "Hypermetabolic lesion on PET-CT",
    "Treatment": "Chemotherapy",
    "Outcome": "Recovered"
  },
  {
    "PatientID": "PT1061",
    "Age": 86,
    "Sex": "Female",
    "Clinical_Description": "86-yr Female. Presents with weight loss, fatigue, loss of appetite. Imaging: hypoechoic lesion on ultrasound.",
    "Date_of_Diagnosis": "2024-02-26",
    "Tumor_Type": "Bladder cancer",
    "ICD10_Code": "C67",
    "WBC_10^9_per_L": 12.6,
    "Hemoglobin_g_per_dL": 10.7,
    "Platelets_10^9_per_L": 170,
    "CRP_mg_per_L": 20.9,
    "ESR_mm_per_hr": 30,
    "Creatinine_mg_per_dL": 1.72,
    "ALT_U_per_L": 45.5,
    "AST_U_per_L": 21.4,
    "Imaging_Findings": "Hypoechoic lesion on ultrasound",
    "Treatment": "Radiation therapy",
    "Outcome": "Progressive disease"
  },
  {
    "PatientID": "PT1062",
    "Age": 58,
    "Sex": "Other",
    "Clinical_Description": "58-yr Other. Presents with fever, fatigue, recurrent infections. Imaging: hypermetabolic lesion on pet-ct.",
    "Date_of_Diagnosis": "2023-07-27",
    "Tumor_Type": "Breast cancer",
    "ICD10_Code": "C50",
    "WBC_10^9_per_L": 3,
    "Hemoglobin_g_per_dL": 14,
    "Platelets_10^9_per_L": 255,
    "CRP_mg_per_L": 2.1,
    "ESR_mm_per_hr": 39,
    "Creatinine_mg_per_dL": 1.04,
    "ALT_U_per_L": 10,
    "AST_U_per_L": 27.3,
    "Imaging_Findings": "Hypermetabolic lesion on PET-CT",
    "Treatment": "Chemotherapy",
    "Outcome": "Deceased"
  },
  {
    "PatientID": "PT1063",
    "Age": 56,
    "Sex": "Male",
    "Clinical_Description": "56-yr Male. Presents with palpable mass in breast, nipple discharge. Imaging: hypermetabolic lesion on pet-ct.",
    "Date_of_Diagnosis": "2020-11-05",
    "Tumor_Type": "Bladder cancer",
    "ICD10_Code": "C67",
    "WBC_10^9_per_L": 2.9,
    "Hemoglobin_g_per_dL": 13.4,
    "Platelets_10^9_per_L": 231,
    "CRP_mg_per_L": 4.3,
    "ESR_mm_per_hr": 33,
    "Creatinine_mg_per_dL": 1.1,
    "ALT_U_per_L": 45.3,
    "AST_U_per_L": 17.6,
    "Imaging_Findings": "Hypermetabolic lesion on PET-CT",
    "Treatment": "Surgery",
    "Outcome": "Recovered"
  },
  {
    "PatientID": "PT1064",
    "Age": 57,
    "Sex": "Female",
    "Clinical_Description": "57-yr Female. Presents with hematuria, flank pain, palpable mass. Imaging: diffuse infiltration with lymphadenopathy.",
    "Date_of_Diagnosis": "2025-07-02",
    "Tumor_Type": "Kidney cancer",
    "ICD10_Code": "C64",
    "WBC_10^9_per_L": 12.7,
    "Hemoglobin_g_per_dL": 11.5,
    "Platelets_10^9_per_L": 248,
    "CRP_mg_per_L": 1.2,
    "ESR_mm_per_hr": 25,
    "Creatinine_mg_per_dL": 1.18,
    "ALT_U_per_L": 86.4,
    "AST_U_per_L": 12.1,
    "Imaging_Findings": "Diffuse infiltration with lymphadenopathy",
    "Treatment": "Chemoradiation",
    "Outcome": "Recovered"
  },
  {
    "PatientID": "PT1065",
    "Age": 56,
    "Sex": "Other",
    "Clinical_Description": "56-yr Other. Presents with weight loss, fatigue, loss of appetite. Imaging: solid-cystic mass on mri.",
    "Date_of_Diagnosis": "2024-06-22",
    "Tumor_Type": "Breast cancer",
    "ICD10_Code": "C50",
    "WBC_10^9_per_L": 6.5,
    "Hemoglobin_g_per_dL": 14.5,
    "Platelets_10^9_per_L": 349,
    "CRP_mg_per_L": 0.8,
    "ESR_mm_per_hr": 5,
    "Creatinine_mg_per_dL": 1.19,
    "ALT_U_per_L": 29.9,
    "AST_U_per_L": 29.3,
    "Imaging_Findings": "Solid-cystic mass on MRI",
    "Treatment": "Radiation therapy",
    "Outcome": "Recovered"
  },
  {
    "PatientID": "PT1066",
    "Age": 67,
    "Sex": "Female",
    "Clinical_Description": "67-yr Female. Presents with blood in stool, change in bowel habits. Imaging: diffuse infiltration with lymphadenopathy.",
    "Date_of_Diagnosis": "2024-12-08",
    "Tumor_Type": "Prostate cancer",
    "ICD10_Code": "C61",
    "WBC_10^9_per_L": 7.9,
    "Hemoglobin_g_per_dL": 12.9,
    "Platelets_10^9_per_L": 351,
    "CRP_mg_per_L": 0.1,
    "ESR_mm_per_hr": 21,
    "Creatinine_mg_per_dL": 1.11,
    "ALT_U_per_L": 37,
    "AST_U_per_L": 29.7,
    "Imaging_Findings": "Diffuse infiltration with lymphadenopathy",
    "Treatment": "Surgery",
    "Outcome": "Progressive disease"
  },
  {
    "PatientID": "PT1067",
    "Age": 42,
    "Sex": "Female",
    "Clinical_Description": "42-yr Female. Presents with persistent cough, hemoptysis, dyspnea. Imaging: large heterogenous mass with necrosis.",
    "Date_of_Diagnosis": "2021-05-08",
    "Tumor_Type": "Lung cancer",
    "ICD10_Code": "C34",
    "WBC_10^9_per_L": 8.6,
    "Hemoglobin_g_per_dL": 10.9,
    "Platelets_10^9_per_L": 306,
    "CRP_mg_per_L": 8.9,
    "ESR_mm_per_hr": 27,
    "Creatinine_mg_per_dL": 1.31,
    "ALT_U_per_L": 14.9,
    "AST_U_per_L": 20.2,
    "Imaging_Findings": "Large heterogenous mass with necrosis",
    "Treatment": "Targeted therapy",
    "Outcome": "Progressive disease"
  },
  {
    "PatientID": "PT1068",
    "Age": 46,
    "Sex": "Female",
    "Clinical_Description": "46-yr Female. Presents with fever, fatigue, recurrent infections. Imaging: hypoechoic lesion on ultrasound.",
    "Date_of_Diagnosis": "2024-06-27",
    "Tumor_Type": "Pancreatic cancer",
    "ICD10_Code": "C25",
    "WBC_10^9_per_L": 6.3,
    "Hemoglobin_g_per_dL": 12.9,
    "Platelets_10^9_per_L": 235,
    "CRP_mg_per_L": 8.5,
    "ESR_mm_per_hr": 11,
    "Creatinine_mg_per_dL": 0.97,
    "ALT_U_per_L": 61.3,
    "AST_U_per_L": 10,
    "Imaging_Findings": "Hypoechoic lesion on ultrasound",
    "Treatment": "Surgery",
    "Outcome": "Recovered"
  },
  {
    "PatientID": "PT1069",
    "Age": 42,
    "Sex": "Female",
    "Clinical_Description": "42-yr Female. Presents with headache, seizures, focal weakness. Imaging: single enhancing lesion on ct/mri.",
    "Date_of_Diagnosis": "2025-09-18",
    "Tumor_Type": "Lung cancer",
    "ICD10_Code": "C34",
    "WBC_10^9_per_L": 7.9,
    "Hemoglobin_g_per_dL": 14,
    "Platelets_10^9_per_L": 266,
    "CRP_mg_per_L": 7.2,
    "ESR_mm_per_hr": 22,
    "Creatinine_mg_per_dL": 1.21,
    "ALT_U_per_L": 34.4,
    "AST_U_per_L": 26,
    "Imaging_Findings": "Single enhancing lesion on CT/MRI",
    "Treatment": "Surgery + Chemotherapy",
    "Outcome": "Stable (on treatment)"
  },
  {
    "PatientID": "PT1070",
    "Age": 78,
    "Sex": "Female",
    "Clinical_Description": "78-yr Female. Presents with abdominal pain, jaundice, weight loss. Imaging: hypermetabolic lesion on pet-ct.",
    "Date_of_Diagnosis": "2023-01-22",
    "Tumor_Type": "Liver cancer (hepatocellular)",
    "ICD10_Code": "C22",
    "WBC_10^9_per_L": 5.6,
    "Hemoglobin_g_per_dL": 9.5,
    "Platelets_10^9_per_L": 309,
    "CRP_mg_per_L": 0.8,
    "ESR_mm_per_hr": 17,
    "Creatinine_mg_per_dL": 1.3,
    "ALT_U_per_L": 10,
    "AST_U_per_L": 41.9,
    "Imaging_Findings": "Hypermetabolic lesion on PET-CT",
    "Treatment": "Surgery + Chemotherapy",
    "Outcome": "Stable (on treatment)"
  },
  {
    "PatientID": "PT1071",
    "Age": 74,
    "Sex": "Other",
    "Clinical_Description": "74-yr Other. Presents with weight loss, fatigue, loss of appetite. Imaging: hypermetabolic lesion on pet-ct.",
    "Date_of_Diagnosis": "2025-08-05",
    "Tumor_Type": "Lung cancer",
    "ICD10_Code": "C34",
    "WBC_10^9_per_L": 8.8,
    "Hemoglobin_g_per_dL": 14.3,
    "Platelets_10^9_per_L": 383,
    "CRP_mg_per_L": 1,
    "ESR_mm_per_hr": 39,
    "Creatinine_mg_per_dL": 1.24,
    "ALT_U_per_L": 51.1,
    "AST_U_per_L": 38.9,
    "Imaging_Findings": "Hypermetabolic lesion on PET-CT",
    "Treatment": "Surgery",
    "Outcome": "Stable (on treatment)"
  },
  {
    "PatientID": "PT1072",
    "Age": 26,
    "Sex": "Other",
    "Clinical_Description": "26-yr Other. Presents with blood in stool, change in bowel habits. Imaging: hypoechoic lesion on ultrasound.",
    "Date_of_Diagnosis": "2024-05-05",
    "Tumor_Type": "Pancreatic cancer",
    "ICD10_Code": "C25",
    "WBC_10^9_per_L": 7.4,
    "Hemoglobin_g_per_dL": 12.8,
    "Platelets_10^9_per_L": 189,
    "CRP_mg_per_L": 1.4,
    "ESR_mm_per_hr": 4,
    "Creatinine_mg_per_dL": 0.84,
    "ALT_U_per_L": 61.8,
    "AST_U_per_L": 16.1,
    "Imaging_Findings": "Hypoechoic lesion on ultrasound",
    "Treatment": "Immunotherapy",
    "Outcome": "Recovered"
  },
  {
    "PatientID": "PT1073",
    "Age": 46,
    "Sex": "Other",
    "Clinical_Description": "46-yr Other. Presents with back pain, bone pain, night sweats. Imaging: hypoechoic lesion on ultrasound.",
    "Date_of_Diagnosis": "2022-11-05",
    "Tumor_Type": "Leukemia (acute)",
    "ICD10_Code": "C91",
    "WBC_10^9_per_L": 64.8,
    "Hemoglobin_g_per_dL": 12.8,
    "Platelets_10^9_per_L": 181,
    "CRP_mg_per_L": 0.2,
    "ESR_mm_per_hr": 31,
    "Creatinine_mg_per_dL": 1.18,
    "ALT_U_per_L": 10,
    "AST_U_per_L": 31.9,
    "Imaging_Findings": "Hypoechoic lesion on ultrasound",
    "Treatment": "Surgery + Chemotherapy",
    "Outcome": "Progressive disease"
  },
  {
    "PatientID": "PT1074",
    "Age": 50,
    "Sex": "Female",
    "Clinical_Description": "50-yr Female. Presents with hematuria, flank pain, palpable mass. Imaging: hypoechoic lesion on ultrasound.",
    "Date_of_Diagnosis": "2022-05-11",
    "Tumor_Type": "Colon cancer",
    "ICD10_Code": "C18",
    "WBC_10^9_per_L": 8.7,
    "Hemoglobin_g_per_dL": 11.4,
    "Platelets_10^9_per_L": 391,
    "CRP_mg_per_L": 5.8,
    "ESR_mm_per_hr": 9,
    "Creatinine_mg_per_dL": 1.05,
    "ALT_U_per_L": 45,
    "AST_U_per_L": 41.6,
    "Imaging_Findings": "Hypoechoic lesion on ultrasound",
    "Treatment": "Immunotherapy",
    "Outcome": "Progressive disease"
  },
  {
    "PatientID": "PT1075",
    "Age": 68,
    "Sex": "Other",
    "Clinical_Description": "68-yr Other. Presents with hematuria, flank pain, palpable mass. Imaging: hypermetabolic lesion on pet-ct.",
    "Date_of_Diagnosis": "2022-07-15",
    "Tumor_Type": "Breast cancer",
    "ICD10_Code": "C50",
    "WBC_10^9_per_L": 3.3,
    "Hemoglobin_g_per_dL": 12.1,
    "Platelets_10^9_per_L": 244,
    "CRP_mg_per_L": 1,
    "ESR_mm_per_hr": 34,
    "Creatinine_mg_per_dL": 1.38,
    "ALT_U_per_L": 37.4,
    "AST_U_per_L": 46.7,
    "Imaging_Findings": "Hypermetabolic lesion on PET-CT",
    "Treatment": "Chemotherapy",
    "Outcome": "Progressive disease"
  },
  {
    "PatientID": "PT1076",
    "Age": 68,
    "Sex": "Female",
    "Clinical_Description": "68-yr Female. Presents with weight loss, fatigue, loss of appetite. Imaging: large heterogenous mass with necrosis.",
    "Date_of_Diagnosis": "2020-12-22",
    "Tumor_Type": "Prostate cancer",
    "ICD10_Code": "C61",
    "WBC_10^9_per_L": 9.9,
    "Hemoglobin_g_per_dL": 11.4,
    "Platelets_10^9_per_L": 117,
    "CRP_mg_per_L": 1.3,
    "ESR_mm_per_hr": 36,
    "Creatinine_mg_per_dL": 1.25,
    "ALT_U_per_L": 43.9,
    "AST_U_per_L": 28.2,
    "Imaging_Findings": "Large heterogenous mass with necrosis",
    "Treatment": "Chemoradiation",
    "Outcome": "Stable (on treatment)"
  },
  {
    "PatientID": "PT1077",
    "Age": 59,
    "Sex": "Other",
    "Clinical_Description": "59-yr Other. Presents with abdominal pain, jaundice, weight loss. Imaging: solid-cystic mass on mri.",
    "Date_of_Diagnosis": "2022-03-17",
    "Tumor_Type": "Brain tumor (malignant)",
    "ICD10_Code": "C71",
    "WBC_10^9_per_L": 8.9,
    "Hemoglobin_g_per_dL": 12.6,
    "Platelets_10^9_per_L": 325,
    "CRP_mg_per_L": 0.2,
    "ESR_mm_per_hr": 21,
    "Creatinine_mg_per_dL": 0.96,
    "ALT_U_per_L": 45,
    "AST_U_per_L": 13.2,
    "Imaging_Findings": "Solid-cystic mass on MRI",
    "Treatment": "Palliative care",
    "Outcome": "Stable (on treatment)"
  },
  {
    "PatientID": "PT1078",
    "Age": 77,
    "Sex": "Male",
    "Clinical_Description": "77-yr Male. Presents with palpable mass in breast, nipple discharge. Imaging: multiple metastatic nodules on ct chest.",
    "Date_of_Diagnosis": "2025-09-15",
    "Tumor_Type": "Colon cancer",
    "ICD10_Code": "C18",
    "WBC_10^9_per_L": 6.5,
    "Hemoglobin_g_per_dL": 15.7,
    "Platelets_10^9_per_L": 265,
    "CRP_mg_per_L": 1.9,
    "ESR_mm_per_hr": 39,
    "Creatinine_mg_per_dL": 1.42,
    "ALT_U_per_L": 10,
    "AST_U_per_L": 42.5,
    "Imaging_Findings": "Multiple metastatic nodules on CT chest",
    "Treatment": "Chemoradiation",
    "Outcome": "Stable (on treatment)"
  },
  {
    "PatientID": "PT1079",
    "Age": 61,
    "Sex": "Other",
    "Clinical_Description": "61-yr Other. Presents with persistent cough, hemoptysis, dyspnea. Imaging: diffuse infiltration with lymphadenopathy.",
    "Date_of_Diagnosis": "2025-04-11",
    "Tumor_Type": "Brain tumor (malignant)",
    "ICD10_Code": "C71",
    "WBC_10^9_per_L": 8.9,
    "Hemoglobin_g_per_dL": 15,
    "Platelets_10^9_per_L": 433,
    "CRP_mg_per_L": 10.3,
    "ESR_mm_per_hr": 23,
    "Creatinine_mg_per_dL": 0.93,
    "ALT_U_per_L": 10,
    "AST_U_per_L": 16.3,
    "Imaging_Findings": "Diffuse infiltration with lymphadenopathy",
    "Treatment": "Chemoradiation",
    "Outcome": "Stable (on treatment)"
  },
  {
    "PatientID": "PT1080",
    "Age": 71,
    "Sex": "Male",
    "Clinical_Description": "71-yr Male. Presents with weight loss, fatigue, loss of appetite. Imaging: diffuse infiltration with lymphadenopathy.",
    "Date_of_Diagnosis": "2021-01-30",
    "Tumor_Type": "Breast cancer",
    "ICD10_Code": "C50",
    "WBC_10^9_per_L": 3.4,
    "Hemoglobin_g_per_dL": 12,
    "Platelets_10^9_per_L": 188,
    "CRP_mg_per_L": 0.2,
    "ESR_mm_per_hr": 9,
    "Creatinine_mg_per_dL": 1.16,
    "ALT_U_per_L": 13.6,
    "AST_U_per_L": 44.3,
    "Imaging_Findings": "Diffuse infiltration with lymphadenopathy",
    "Treatment": "Palliative care",
    "Outcome": "Progressive disease"
  },
  {
    "PatientID": "PT1081",
    "Age": 73,
    "Sex": "Male",
    "Clinical_Description": "73-yr Male. Presents with back pain, bone pain, night sweats. Imaging: diffuse infiltration with lymphadenopathy.",
    "Date_of_Diagnosis": "2024-12-11",
    "Tumor_Type": "Colon cancer",
    "ICD10_Code": "C18",
    "WBC_10^9_per_L": 7,
    "Hemoglobin_g_per_dL": 14.5,
    "Platelets_10^9_per_L": 160,
    "CRP_mg_per_L": 23.6,
    "ESR_mm_per_hr": 33,
    "Creatinine_mg_per_dL": 1.53,
    "ALT_U_per_L": 67.4,
    "AST_U_per_L": 10,
    "Imaging_Findings": "Diffuse infiltration with lymphadenopathy",
    "Treatment": "Immunotherapy",
    "Outcome": "Stable (on treatment)"
  },
  {
    "PatientID": "PT1082",
    "Age": 61,
    "Sex": "Male",
    "Clinical_Description": "61-yr Male. Presents with weight loss, fatigue, loss of appetite. Imaging: multiple metastatic nodules on ct chest.",
    "Date_of_Diagnosis": "2025-01-22",
    "Tumor_Type": "Breast cancer",
    "ICD10_Code": "C50",
    "WBC_10^9_per_L": 5.4,
    "Hemoglobin_g_per_dL": 12.5,
    "Platelets_10^9_per_L": 345,
    "CRP_mg_per_L": 0.3,
    "ESR_mm_per_hr": 23,
    "Creatinine_mg_per_dL": 1.11,
    "ALT_U_per_L": 50.9,
    "AST_U_per_L": 50.9,
    "Imaging_Findings": "Multiple metastatic nodules on CT chest",
    "Treatment": "Immunotherapy",
    "Outcome": "Stable (on treatment)"
  },
  {
    "PatientID": "PT1083",
    "Age": 52,
    "Sex": "Other",
    "Clinical_Description": "52-yr Other. Presents with weight loss, fatigue, loss of appetite. Imaging: blastic bone lesions on x-ray.",
    "Date_of_Diagnosis": "2023-01-28",
    "Tumor_Type": "Colon cancer",
    "ICD10_Code": "C18",
    "WBC_10^9_per_L": 9.1,
    "Hemoglobin_g_per_dL": 9.8,
    "Platelets_10^9_per_L": 373,
    "CRP_mg_per_L": 0.5,
    "ESR_mm_per_hr": 43,
    "Creatinine_mg_per_dL": 1.07,
    "ALT_U_per_L": 46.7,
    "AST_U_per_L": 41.8,
    "Imaging_Findings": "Blastic bone lesions on X-ray",
    "Treatment": "Radiation therapy",
    "Outcome": "Deceased"
  },
  {
    "PatientID": "PT1084",
    "Age": 75,
    "Sex": "Male",
    "Clinical_Description": "75-yr Male. Presents with lower urinary symptoms, hematuria. Imaging: blastic bone lesions on x-ray.",
    "Date_of_Diagnosis": "2025-06-13",
    "Tumor_Type": "Colon cancer",
    "ICD10_Code": "C18",
    "WBC_10^9_per_L": 5.9,
    "Hemoglobin_g_per_dL": 11.4,
    "Platelets_10^9_per_L": 191,
    "CRP_mg_per_L": 6.4,
    "ESR_mm_per_hr": 21,
    "Creatinine_mg_per_dL": 1.37,
    "ALT_U_per_L": 48.9,
    "AST_U_per_L": 12.9,
    "Imaging_Findings": "Blastic bone lesions on X-ray",
    "Treatment": "Targeted therapy",
    "Outcome": "Deceased"
  },
  {
    "PatientID": "PT1085",
    "Age": 59,
    "Sex": "Female",
    "Clinical_Description": "59-yr Female. Presents with fever, fatigue, recurrent infections. Imaging: hypermetabolic lesion on pet-ct.",
    "Date_of_Diagnosis": "2022-07-16",
    "Tumor_Type": "Brain tumor (malignant)",
    "ICD10_Code": "C71",
    "WBC_10^9_per_L": 13.7,
    "Hemoglobin_g_per_dL": 10.7,
    "Platelets_10^9_per_L": 210,
    "CRP_mg_per_L": 5.7,
    "ESR_mm_per_hr": 37,
    "Creatinine_mg_per_dL": 0.92,
    "ALT_U_per_L": 44.3,
    "AST_U_per_L": 36.3,
    "Imaging_Findings": "Hypermetabolic lesion on PET-CT",
    "Treatment": "Palliative care",
    "Outcome": "Progressive disease"
  },
  {
    "PatientID": "PT1086",
    "Age": 64,
    "Sex": "Other",
    "Clinical_Description": "64-yr Other. Presents with lower urinary symptoms, hematuria. Imaging: large heterogenous mass with necrosis.",
    "Date_of_Diagnosis": "2022-02-11",
    "Tumor_Type": "Bladder cancer",
    "ICD10_Code": "C67",
    "WBC_10^9_per_L": 9.9,
    "Hemoglobin_g_per_dL": 14.4,
    "Platelets_10^9_per_L": 343,
    "CRP_mg_per_L": 4.8,
    "ESR_mm_per_hr": 21,
    "Creatinine_mg_per_dL": 1.27,
    "ALT_U_per_L": 27.6,
    "AST_U_per_L": 17,
    "Imaging_Findings": "Large heterogenous mass with necrosis",
    "Treatment": "Radiation therapy",
    "Outcome": "Progressive disease"
  },
  {
    "PatientID": "PT1087",
    "Age": 65,
    "Sex": "Female",
    "Clinical_Description": "65-yr Female. Presents with fever, fatigue, recurrent infections. Imaging: solid-cystic mass on mri.",
    "Date_of_Diagnosis": "2025-04-17",
    "Tumor_Type": "Kidney cancer",
    "ICD10_Code": "C64",
    "WBC_10^9_per_L": 6.8,
    "Hemoglobin_g_per_dL": 13.4,
    "Platelets_10^9_per_L": 265,
    "CRP_mg_per_L": 5,
    "ESR_mm_per_hr": 28,
    "Creatinine_mg_per_dL": 1.32,
    "ALT_U_per_L": 10,
    "AST_U_per_L": 58.9,
    "Imaging_Findings": "Solid-cystic mass on MRI",
    "Treatment": "Radiation therapy",
    "Outcome": "Stable (on treatment)"
  },
  {
    "PatientID": "PT1088",
    "Age": 62,
    "Sex": "Male",
    "Clinical_Description": "62-yr Male. Presents with blood in stool, change in bowel habits. Imaging: large heterogenous mass with necrosis.",
    "Date_of_Diagnosis": "2022-04-16",
    "Tumor_Type": "Liver cancer (hepatocellular)",
    "ICD10_Code": "C22",
    "WBC_10^9_per_L": 10.4,
    "Hemoglobin_g_per_dL": 13.4,
    "Platelets_10^9_per_L": 272,
    "CRP_mg_per_L": 5,
    "ESR_mm_per_hr": 29,
    "Creatinine_mg_per_dL": 1.35,
    "ALT_U_per_L": 31.3,
    "AST_U_per_L": 24.7,
    "Imaging_Findings": "Large heterogenous mass with necrosis",
    "Treatment": "Targeted therapy",
    "Outcome": "Stable (on treatment)"
  },
  {
    "PatientID": "PT1089",
    "Age": 61,
    "Sex": "Other",
    "Clinical_Description": "61-yr Other. Presents with palpable mass in breast, nipple discharge. Imaging: diffuse infiltration with lymphadenopathy.",
    "Date_of_Diagnosis": "2023-08-08",
    "Tumor_Type": "Breast cancer",
    "ICD10_Code": "C50",
    "WBC_10^9_per_L": 7.9,
    "Hemoglobin_g_per_dL": 9.8,
    "Platelets_10^9_per_L": 205,
    "CRP_mg_per_L": 7.1,
    "ESR_mm_per_hr": 30,
    "Creatinine_mg_per_dL": 1.16,
    "ALT_U_per_L": 10,
    "AST_U_per_L": 45.2,
    "Imaging_Findings": "Diffuse infiltration with lymphadenopathy",
    "Treatment": "Immunotherapy",
    "Outcome": "Progressive disease"
  },
  {
    "PatientID": "PT1090",
    "Age": 75,
    "Sex": "Other",
    "Clinical_Description": "75-yr Other. Presents with hematuria, flank pain, palpable mass. Imaging: hypermetabolic lesion on pet-ct.",
    "Date_of_Diagnosis": "2021-02-10",
    "Tumor_Type": "Lung cancer",
    "ICD10_Code": "C34",
    "WBC_10^9_per_L": 1.3,
    "Hemoglobin_g_per_dL": 13.3,
    "Platelets_10^9_per_L": 209,
    "CRP_mg_per_L": 5.9,
    "ESR_mm_per_hr": 41,
    "Creatinine_mg_per_dL": 1.47,
    "ALT_U_per_L": 30.6,
    "AST_U_per_L": 11.4,
    "Imaging_Findings": "Hypermetabolic lesion on PET-CT",
    "Treatment": "Targeted therapy",
    "Outcome": "Stable (on treatment)"
  },
  {
    "PatientID": "PT1091",
    "Age": 85,
    "Sex": "Female",
    "Clinical_Description": "85-yr Female. Presents with hematuria, flank pain, palpable mass. Imaging: hypermetabolic lesion on pet-ct.",
    "Date_of_Diagnosis": "2023-12-27",
    "Tumor_Type": "Breast cancer",
    "ICD10_Code": "C50",
    "WBC_10^9_per_L": 3.1,
    "Hemoglobin_g_per_dL": 10.5,
    "Platelets_10^9_per_L": 246,
    "CRP_mg_per_L": 11.2,
    "ESR_mm_per_hr": 34,
    "Creatinine_mg_per_dL": 1.22,
    "ALT_U_per_L": 21.6,
    "AST_U_per_L": 33.3,
    "Imaging_Findings": "Hypermetabolic lesion on PET-CT",
    "Treatment": "Surgery",
    "Outcome": "Progressive disease"
  },
  {
    "PatientID": "PT1092",
    "Age": 56,
    "Sex": "Other",
    "Clinical_Description": "56-yr Other. Presents with weight loss, fatigue, loss of appetite. Imaging: hypoechoic lesion on ultrasound.",
    "Date_of_Diagnosis": "2025-08-31",
    "Tumor_Type": "Prostate cancer",
    "ICD10_Code": "C61",
    "WBC_10^9_per_L": 9,
    "Hemoglobin_g_per_dL": 13.1,
    "Platelets_10^9_per_L": 286,
    "CRP_mg_per_L": 7.4,
    "ESR_mm_per_hr": 30,
    "Creatinine_mg_per_dL": 1.24,
    "ALT_U_per_L": 16.1,
    "AST_U_per_L": 37.8,
    "Imaging_Findings": "Hypoechoic lesion on ultrasound",
    "Treatment": "Chemoradiation",
    "Outcome": "Progressive disease"
  },
  {
    "PatientID": "PT1093",
    "Age": 62,
    "Sex": "Female",
    "Clinical_Description": "62-yr Female. Presents with fever, fatigue, recurrent infections. Imaging: no focal lesion; nonspecific changes.",
    "Date_of_Diagnosis": "2021-11-04",
    "Tumor_Type": "Colon cancer",
    "ICD10_Code": "C18",
    "WBC_10^9_per_L": 8.8,
    "Hemoglobin_g_per_dL": 13.7,
    "Platelets_10^9_per_L": 195,
    "CRP_mg_per_L": 1.1,
    "ESR_mm_per_hr": 45,
    "Creatinine_mg_per_dL": 1.08,
    "ALT_U_per_L": 34.7,
    "AST_U_per_L": 10,
    "Imaging_Findings": "No focal lesion; nonspecific changes",
    "Treatment": "Radiation therapy",
    "Outcome": "Stable (on treatment)"
  },
  {
    "PatientID": "PT1094",
    "Age": 67,
    "Sex": "Female",
    "Clinical_Description": "67-yr Female. Presents with weight loss, fatigue, loss of appetite. Imaging: hypermetabolic lesion on pet-ct.",
    "Date_of_Diagnosis": "2025-08-18",
    "Tumor_Type": "Colon cancer",
    "ICD10_Code": "C18",
    "WBC_10^9_per_L": 3.8,
    "Hemoglobin_g_per_dL": 10.8,
    "Platelets_10^9_per_L": 56,
    "CRP_mg_per_L": 4.6,
    "ESR_mm_per_hr": 38,
    "Creatinine_mg_per_dL": 1.05,
    "ALT_U_per_L": 42.4,
    "AST_U_per_L": 40.6,
    "Imaging_Findings": "Hypermetabolic lesion on PET-CT",
    "Treatment": "Targeted therapy",
    "Outcome": "Progressive disease"
  },
  {
    "PatientID": "PT1095",
    "Age": 46,
    "Sex": "Female",
    "Clinical_Description": "46-yr Female. Presents with lower urinary symptoms, hematuria. Imaging: mass lesion in organ with irregular margins.",
    "Date_of_Diagnosis": "2025-06-08",
    "Tumor_Type": "Liver cancer (hepatocellular)",
    "ICD10_Code": "C22",
    "WBC_10^9_per_L": 7.4,
    "Hemoglobin_g_per_dL": 9.8,
    "Platelets_10^9_per_L": 370,
    "CRP_mg_per_L": 4.1,
    "ESR_mm_per_hr": 32,
    "Creatinine_mg_per_dL": 0.96,
    "ALT_U_per_L": 35.8,
    "AST_U_per_L": 27.2,
    "Imaging_Findings": "Mass lesion in organ with irregular margins",
    "Treatment": "Surgery",
    "Outcome": "Deceased"
  },
  {
    "PatientID": "PT1096",
    "Age": 58,
    "Sex": "Other",
    "Clinical_Description": "58-yr Other. Presents with weight loss, fatigue, loss of appetite. Imaging: multiple metastatic nodules on ct chest.",
    "Date_of_Diagnosis": "2022-04-19",
    "Tumor_Type": "Brain tumor (malignant)",
    "ICD10_Code": "C71",
    "WBC_10^9_per_L": 5.1,
    "Hemoglobin_g_per_dL": 15.7,
    "Platelets_10^9_per_L": 301,
    "CRP_mg_per_L": 8.1,
    "ESR_mm_per_hr": 21,
    "Creatinine_mg_per_dL": 1.1,
    "ALT_U_per_L": 40.5,
    "AST_U_per_L": 17.6,
    "Imaging_Findings": "Multiple metastatic nodules on CT chest",
    "Treatment": "Immunotherapy",
    "Outcome": "Recovered"
  },
  {
    "PatientID": "PT1097",
    "Age": 60,
    "Sex": "Female",
    "Clinical_Description": "60-yr Female. Presents with headache, seizures, focal weakness. Imaging: hypermetabolic lesion on pet-ct.",
    "Date_of_Diagnosis": "2022-08-12",
    "Tumor_Type": "Lung cancer",
    "ICD10_Code": "C34",
    "WBC_10^9_per_L": 7.3,
    "Hemoglobin_g_per_dL": 12.1,
    "Platelets_10^9_per_L": 321,
    "CRP_mg_per_L": 2.1,
    "ESR_mm_per_hr": 33,
    "Creatinine_mg_per_dL": 1.19,
    "ALT_U_per_L": 54,
    "AST_U_per_L": 28.4,
    "Imaging_Findings": "Hypermetabolic lesion on PET-CT",
    "Treatment": "Targeted therapy",
    "Outcome": "Stable (on treatment)"
  },
  {
    "PatientID": "PT1098",
    "Age": 78,
    "Sex": "Female",
    "Clinical_Description": "78-yr Female. Presents with hematuria, flank pain, palpable mass. Imaging: large heterogenous mass with necrosis.",
    "Date_of_Diagnosis": "2023-05-04",
    "Tumor_Type": "Prostate cancer",
    "ICD10_Code": "C61",
    "WBC_10^9_per_L": 11.3,
    "Hemoglobin_g_per_dL": 10.5,
    "Platelets_10^9_per_L": 211,
    "CRP_mg_per_L": 10.3,
    "ESR_mm_per_hr": 20,
    "Creatinine_mg_per_dL": 1.21,
    "ALT_U_per_L": 47.4,
    "AST_U_per_L": 52.3,
    "Imaging_Findings": "Large heterogenous mass with necrosis",
    "Treatment": "Immunotherapy",
    "Outcome": "Stable (on treatment)"
  },
  {
    "PatientID": "PT1099",
    "Age": 84,
    "Sex": "Male",
    "Clinical_Description": "84-yr Male. Presents with fever, fatigue, recurrent infections. Imaging: single enhancing lesion on ct/mri.",
    "Date_of_Diagnosis": "2023-09-14",
    "Tumor_Type": "Colon cancer",
    "ICD10_Code": "C18",
    "WBC_10^9_per_L": 8.4,
    "Hemoglobin_g_per_dL": 13.7,
    "Platelets_10^9_per_L": 299,
    "CRP_mg_per_L": 0.4,
    "ESR_mm_per_hr": 21,
    "Creatinine_mg_per_dL": 1.59,
    "ALT_U_per_L": 32.8,
    "AST_U_per_L": 48.8,
    "Imaging_Findings": "Single enhancing lesion on CT/MRI",
    "Treatment": "Targeted therapy",
    "Outcome": "Stable (on treatment)"
  },
  {
    "PatientID": "PT1100",
    "Age": 72,
    "Sex": "Male",
    "Clinical_Description": "72-yr Male. Presents with weight loss, fatigue, loss of appetite. Imaging: single enhancing lesion on ct/mri.",
    "Date_of_Diagnosis": "2022-11-13",
    "Tumor_Type": "Kidney cancer",
    "ICD10_Code": "C64",
    "WBC_10^9_per_L": 2.9,
    "Hemoglobin_g_per_dL": 13.8,
    "Platelets_10^9_per_L": 333,
    "CRP_mg_per_L": 2.9,
    "ESR_mm_per_hr": 28,
    "Creatinine_mg_per_dL": 1.62,
    "ALT_U_per_L": 10,
    "AST_U_per_L": 21.7,
    "Imaging_Findings": "Single enhancing lesion on CT/MRI",
    "Treatment": "Radiation therapy",
    "Outcome": "Recovered"
  }
]